building,mean,min,max,sum
cricket,18.857142857142858,17.1,20.8,132.0
home,4.671428571428572,3.9,5.3,32.7
library,9.457142857142857,8.5,10.6,66.2
